BEGIN TRANSACTION;

-- Table language
CREATE TABLE IF NOT EXISTS `language` ( 
    `idLang` INTEGER NOT NULL PRIMARY KEY,
    `abbrev` VARCHAR ( 4 ),
    `libelle` VARCHAR ( 64 )
);
-- Content:
INSERT INTO `language` VALUES (1, "AR", "العربية"), (2, "FR", "Français"), (3, "EN", "English");

-- Table i18n
CREATE TABLE IF NOT EXISTS `i18n` ( 
    `idLibelle` INTEGER NOT NULL PRIMARY KEY AUTOINCREMENT,
    `libelle` VARCHAR ( 25 )
);
-- Content:
INSERT INTO `i18n` VALUES 
    (1, "CHOOSE_DB_TITLE"),
    (2, "CHOOSE_DB_SUBTITLE"),
    (3, "CHOOSE_DB_COM1"),
    (4, "CHOOSE_DB_COM2"),
    (5, "CHOOSE_DB_COM3"),
    (6, "CHOOSE_DB_COM4"),
    (7, "CHOOSE_DB_REQ"),
    (8, "CHOOSE_DB"),
    (9, "APP_TITLE"),
    (10, "FILE_MENU"),
    (11, "OPERATIONS_MENU"),
    (12, "OPTIONS_MENU"),
    (13, "INTERROGATION_MARK_MENU"),
    (14, "QUIT"),
    (15, "ADD_BULLETINS"),
    (16, "ADD_PVS"),
    (17, "RESET"),
    (18, "DESTINATION_DIR"),
    (19, "DUPLICATE_PAGES"),
    (20, "DELETE_WATERMARKS"),
    (21, "SUP_OPTIONS"),
    (22, "PREPEND_TITLE_PAGE"),
    (23, "APPEND_TITLE_PAGE"),
    (24, "OPEN_DEST_FOLDER"),
    (25, "MERGE_BULLETINS"),
    (26, "SAVE"),
    (27, "1A"),
    (28, "2A"),
    (29, "3A"),
    (30, "TC"),
    (31, "1B"),
    (32, "2B"),
    (33, "PROCESS"),
    (34, "ABOUT"),
    (35, "WINDOW_LANGUAGE"),
    (36, "AR"),
    (37, "FR"),
    (38, "EN"),
    (39, "WINDOW_LANGUAGE_NOTIFICATION"),
    (40, "PDF_FILTER"),
    (41, "XLX_FILTER"),
    (42, "XL_FILTER"),
    (43, "CHOOSE_PVS"),
    (44, "CHOOSE_BULS"),
    (45, "CHOOSE_DEST"),
    (46, "RENAME_BULLETINS_IN_FILES"),
    (47, "RENAME_PVS_IN_FILES"),
    (48, "STUDENTS"),
    (49, "TEMPORARY_TOOLTIP"),
    (50, "PV_PATH"),
    (51, "BUL_PATH"),
    (52, "SORTED_TOOLTIP"),
    (53, "STU_COUNT"),
    (54, "PAGES_COUNT"),
    (55, "GROUP"),
    (56, "LEVEL"),
    (57, "DIRECTION"),
    (58, "ACADEMY"),
    (59, "SCHOOL"),
    (60, "YEAR"),
    (61, "FEMALE_COUNT"),
    (62, "SORTED"),
    (63, "TEMPORARY"),
    (64, "YES"),
    (65, "NO"),
    (66, "GENERAL"),
    (67, "JOINED_PVS"),
    (68, "DISPLAY_OBSERVATION"),
    (69, "0_TO_5"),
    (70, "5_TO_8"),
    (71, "8_TO_10"),
    (72, "10_TO_12"),
    (73, "12_TO_14"),
    (74, "14_TO_16"),
    (75, "16_TO_18"),
    (76, "18_TO_20"),
    (77, "DISPLAY_POSITION"),
    (78, "OBSERVATION"),
    (79, "DISPLAY_STUDENT_RANK"),
    (80, "RANK_IN_GRP"),
    (81, "RANK_IN_LEV"),
    (82, "RANK"),
    (83, "DISPLAY_GOOD_LABEL"),
    (84, "LABEL_INTERVAL"),
    (85, "LABEL"),
    (86, "LAST_MARK"),
    (87, "S1_MARK"),
    (88, "S2_MARK"),
    (89, "AVERAGE_MARK"),
    (90, "MALE"),
    (91, "FEMALE"),
    (92, "USED_MARK"),
    (93, "USE_STAMP"),
    (94, "STAMP_PATH"),
    (95, "CHOOSE_STAMP"),
    (96, "STAMP_POSITION"),
    (97, "X"),
    (98, "Y"),
    (99, "PREVIEW"),
    (100, "IMAGES"),
    (101, "STAMP_SIZE"),
    (102, "WIDTH"),
    (103, "HEIGHT"),
    (104, "ASSEMBLED_COPIES"),
    (105, "DISASSEMBLED_COPIES"),
    (106, "NO_DUPLICATE"),
    (107, "SORT_BULLETINS"),
    (108, "DETAILS"),
    (109, "CHOOSE_ANOTHER_DB"),
    (110, "ONE_STUDENT"),
    (111, "TWO_STUDENTS"),
    (112, "STUDENTS_UNDER_10"),
    (113, "STUDENTS_DIV_100"),
    (114, "ZERO_STUDENT"),
    (115, "FONT_SIZE"),
    (116, ""),
    (117, ""),
    (118, ""),
    (119, ""),
    (120, ""),
    (121, ""),
    (122, ""),
    (123, ""),
    (124, "")
;

-- Table translate
CREATE TABLE IF NOT EXISTS `translate` ( 
    `idLibelle` INTEGER,
    `idLang` INTEGER,
    `synonym` VARCHAR ( 255 ),
    PRIMARY KEY(`idLibelle`,`idLang`),
    FOREIGN KEY(`idLibelle`) REFERENCES `i18n`(`idLibelle`),
    FOREIGN KEY(`idLang`) REFERENCES `language`(`idLang`)
);
-- Content:
INSERT INTO `translate` VALUES 
    (1, 1, "تحديد قاعدة المعطيات"), (1, 2, "Sélection de la base de données"), (1, 3, "Database selection"), 
    (2, 1, "يمكن تحميل قاعدة معطيات المؤسسة من موقع مسار على النحو التالي:"), (2, 2, "Il est possible de télécharger la base de données de l'établissement en procédant comme suit:"), (2, 3, "It's possible to download the school's database as follows:"), 
    (3, 1, "الدخول المدرسي."), (3, 2, "Entrée scolaire."), (3, 3, "School entry."), 
    (4, 1, "بطاقة التلميذ."), (4, 2, "Carte de l'éléve."), (4, 3, "Student's card."), 
    (5, 1, "لائحة تلاميذ المؤسسة."), (5, 2, "Liste des éléves de l'établissement."), (5, 3, "School's students list."), 
    (6, 1, "طباعة لائحة التلاميذ [xls]."), (6, 2, "Imprimer la liste d'éléves [xls]."), (6, 3, "Print students list [xls]."), 
    (7, 1, "المرجو تحديد قاعدة معطيات المؤسسة:"), (7, 2, "Veuillez sélectionner la base de données de l'établissement:"), (7, 3, "Please select school's database:"), 
    (8, 1, "تحديد القاعدة"), (8, 2, "Sélectionner la bd"), (8, 3, "Select database"), 
    (9, 1, "مرتب بيانات النتائج 2.0.0 (2021)"), (9, 2, "Trieuse de bulletins 2.0.0 (2021)"), (9, 3, "Bulletins sorter 2.0.0 (2021)"), 
    (10, 1, "تطبيق"), (10, 2, "Fichier"), (10, 3, "File"), 
    (11, 1, "عمليات"), (11, 2, "Opérations"), (11, 3, "Tasks"), 
    (12, 1, "خيارات"), (12, 2, "Options"), (12, 3, "Options"), 
    (13, 1, "؟"), (13, 2, "?"), (13, 3, "?"), 
    (14, 1, "خروج"), (14, 2, "Quitter"), (14, 3, "Quit"), 
    (15, 1, "إضافة بيانات نتائج"), (15, 2, "Ajouter des bulletins"), (15, 3, "Add bulletins"), 
    (16, 1, "إرفاق قرارات المجالس"), (16, 2, "Associer des pvs"), (16, 3, "Associate pvs"), 
    (17, 1, "حذف المرفقات"), (17, 2, "Enlever les jointures"), (17, 3, "Remove attachments"), 
    (18, 1, "مجلد حفظ المخرجات"), (18, 2, "Dossier de destination"), (18, 3, "Destination folder"), 
    (19, 1, "تكرار الصفحات"), (19, 2, "Dupliquer les pages"), (19, 3, "Duplicate pages"), 
    (20, 1, "حذف كلمة مؤقتة"), (20, 2, "Supprimer les filigranes"), (20, 3, "Delete watermarks"), 
    (21, 1, "خيارات إضافية"), (21, 2, "Options supplémentaires"), (21, 3, "Additionnal options"), 
    (22, 1, "إضافة صفحة في بداية بيانات النتائج."), (22, 2, "Ajouter une page de garde à chaque bulletin."), (22, 3, "Prepend a title page to every bulletin."), 
    (23, 1, "إضافة صفحة عنوان في آخر بيانات النتائج."), (23, 2, "Ajouter une quatrième de couverture à chaque bulletin."), (23, 3, "Append a title page to every bulletin."), 
    (24, 1, "فتح مجلد المخرجات بعد انتهاء المعالجة."), (24, 2, "Ouvrir le dossier de destination à la fin du tri."), (24, 3, "Open destination folder at the sort end."), 
    (25, 1, "دمج المخرجات في مستند واحد."), (25, 2, "Fusionner les bulletins à la fin du tri."), (25, 3, "Merge bulletins at the sort end."), 
    (26, 1, "حفظ"), (26, 2, "Sauvegarder"), (26, 3, "Save"), 
    (27, 1, "السنة الأولى إعدادي"), (27, 2, "Première année collégiale"), (27, 3, "1st preparatory year"), 
    (28, 1, "السنة الثانية إعدادي"), (28, 2, "Deuxième année collégiale"), (28, 3, "2nd preparatory year"), 
    (29, 1, "السنة الثالثة إعدادي"), (29, 2, "Troisième année collégiale"), (29, 3, "3rd preparatory year"), 
    (30, 1, "الجذع المشترك"), (30, 2, "Tronc commun"), (30, 3, "Tronc commun"), 
    (31, 1, "السنة الأولى بكالوريا"), (31, 2, "Première année du bac"), (31, 3, "1st bac"), 
    (32, 1, "السنة الثانية بكالوريا"), (32, 2, "Deuxième année du bac"), (32, 3, "2nd bac"), 
    (33, 1, "معالجة"), (33, 2, "Traiter"), (33, 3, "Process"), 
    (34, 1, "معلومات عن البرمجية"), (34, 2, "A propos"), (34, 3, "About"), 
    (35, 1, "لغة البرمجية:"), (35, 2, "Langue d'affichage:"), (35, 3, "Display language:"), 
    (36, 1, "العربية"), (36, 2, "Arabe"), (36, 3, "Arabic"), 
    (37, 1, "الفرنسية"), (37, 2, "Français"), (37, 3, "French"), 
    (38, 1, "الإنجليزية"), (38, 2, "Anglais"), (38, 3, "English"), 
    (39, 1, "يتطلب تغيير لغة البرمجية إغلاقها حتى يتم تفعيله."), (39, 2, "L'effet du changement de la langue d'affichage n'apparaîtra qu'au prochain démarrage de l'application."), (39, 3, "Changing display language will take effect in the next start of the application."), 
    (40, 1, "مستندات محمولة من نوع PDF"), (40, 2, "Fichiers PDF"), (40, 3, "PDF files"), 
    (41, 1, "مستندات من نوع Excel 2007"), (41, 2, "Classeurs Excel 2007"), (41, 3, "Excel 2007 workbooks"), 
    (42, 1, "مستندات من نوع Excel 2003"), (42, 2, "Classeurs Excel 2003"), (42, 3, "Excel 2003 workbooks"),
    (43, 1, "تحديد قرارات المجالس"), (43, 2, "Sélectionner des pvs"), (43, 3, "Choose pvs"),
    (44, 1, "تحديد بيانات النتائج"), (44, 2, "Sélectionner des bulletins"), (44, 3, "Choose bulletins"),
    (45, 1, "تحديد مكان حفظ المخرجات"), (45, 2, "Dossier de destination"), (45, 3, "Output directory"),
    (46, 1, "تغيير تسميات بيانات النتائج الأصلية وجعلها موافقة لاسم القسم الذي تضمه."), (46, 2, "Renommer les bulletins d'entrée afin qu'ils aient les noms des groupes qu'ils contiennent."), (46, 3, "Rename input bulletins to their groups names."),
    (47, 1, "تغيير تسميات قرارات المجالس وجعلها موافقة لاسم القسم الذي تضمه."), (47, 2, "Renommer les pvs afin qu'ils aient les noms des groupes qu'ils contiennent."), (47, 3, "Rename input bulletins to their groups names."),
    (48, 1, "تلميذا"), (48, 2, "élèves"), (48, 3, "students"),
    (49, 1, "بيان نتائج مؤقت"), (49, 2, "Le bulletin sélectionné contient le filigrane ""مؤقتة"""), (49, 3, "The selected bulletins has the ""مؤقتة"" watermark"),
    (50, 1, "قرار مجلس القسم المرفق: "), (50, 2, "Pv joint: "), (50, 3, "Attached pv: "),
    (51, 1, "بيان النتائج المحدد: "), (51, 2, "Bulletin sélectionné: "), (51, 3, "Selected bulletin: "),
    (52, 1, "بيان النتائج المحدد مرتب"), (52, 2, "Le bulletin sélectionné est trié"), (52, 3, "The selected bulletin is sorted"),
    (53, 1, "عدد التلاميذ: "), (53, 2, "Nombre d'élèves: "), (53, 3, "Students count: "),
    (54, 1, "عدد الصفحات: "), (54, 2, "Nombre de pages: "), (54, 3, "Pages count: "),
    (55, 1, "القسـم: "), (55, 2, "Classe: "), (55, 3, "Group: "),
    (56, 1, "المستوى: "), (56, 2, "Niveau: "), (56, 3, "Level: "),
    (57, 1, "المديرية: "), (57, 2, "Direction: "), (57, 3, "Direction: "),
    (58, 1, "الأكاديمية: "), (58, 2, "Académie: "), (58, 3, "Academy: "),
    (59, 1, "المؤسسة: "), (59, 2, "Etablissement: "), (59, 3, "School: "),
    (60, 1, "السنة الدراسية: "), (60, 2, "Année scolaire: "), (60, 3, "Scolar year: "),
    (61, 1, "عدد الإناث: "), (61, 2, "Nombre de filles: "), (61, 3, "Female count: "),
    (62, 1, "مرتـب: "), (62, 2, "Trié: "), (62, 3, "Sorted: "),
    (63, 1, "مؤقـت: "), (63, 2, "Provisoire: "), (63, 3, "Temporary: "),
    (64, 1, "نعم"), (64, 2, "Oui"), (64, 3, "Yes"),
    (65, 1, "لا"), (65, 2, "Non"), (65, 3, "No"),
    (66, 1, "إعدادات عامة"), (66, 2, "Général"), (66, 3, "General"),
    (67, 1, "القرارات المرفقة"), (67, 2, "PVs associés"), (67, 3, "Joined pvs"),
    (68, 1, "إضافة ملاحظات: "), (68, 2, "Afficher les observations suivantes: "), (68, 3, "Display these observations: "),
    (69, 1, "من 0 إلى 5: "), (69, 2, "De 0 à 5: "), (69, 3, "From 0 to 5: "),
    (70, 1, "من 5 إلى 8: "), (70, 2, "De 5 à 8: "), (70, 3, "From 5 to 8: "),
    (71, 1, "من 8 إلى 10: "), (71, 2, "De 8 à 10: "), (71, 3, "From 8 to 10: "),
    (72, 1, "من 10 إلى 12: "), (72, 2, "De 10 à 12: "), (72, 3, "From 10 to 12: "),
    (73, 1, "من 12 إلى 14: "), (73, 2, "De 12 à 14: "), (73, 3, "From 12 to 14: "),
    (74, 1, "من 14 إلى 16: "), (74, 2, "De 14 à 16: "), (74, 3, "From 14 to 16: "),
    (75, 1, "من 16 إلى 18: "), (75, 2, "De 16 à 18: "), (75, 3, "From 16 to 18: "),
    (76, 1, "من 18 إلى 20: "), (76, 2, "De 18 à 20: "), (76, 3, "From 18 to 20: "),
    (77, 1, "موضع الإضافة: "), (77, 2, "Position d'affichage: "), (77, 3, "Display position: "),
    (78, 1, "الملاحظة"), (78, 2, "Observation"), (78, 3, "Observation"),
    (79, 1, "إضافة رتبة التلميذ: "), (79, 2, "Afficher le classement de l'élève: "), (79, 3, "Display student rank: "),
    (80, 1, "في القسم."), (80, 2, "Dans la classe."), (80, 3, "In group."),
    (81, 1, "في المستوى بأكمله."), (81, 2, "Dans le niveau."), (81, 3, "In level."),
    (82, 1, "الرتبة"), (82, 2, "Rang"), (82, 3, "Rank"),
    (83, 1, "إضافة ملصق تهنئة: "), (83, 2, "Afficher une étiquette de félicitaion: "), (83, 3, "Display a congratulation label: "),
    (84, 1, "انطلاقا من: "), (84, 2, "A partir de: "), (84, 3, "Starting from: "),
    (85, 1, "الملصق: "), (85, 2, "Etiquette: "), (85, 3, "Label: "),
    (86, 1, "آخر نقطة مدرجة"), (86, 2, "Dernière note saisie"), (86, 3, "Last not empty mark"),
    (87, 1, "الدورة الأولى"), (87, 2, "Premier semestre"), (87, 3, "1st semester"),
    (88, 1, "الدورة الثانية"), (88, 2, "Deuxième semestre"), (88, 3, "2nd semester"),
    (89, 1, "المعدل السنوي"), (89, 2, "Moyenne générale"), (89, 3, "Global Average"),
    (90, 1, "ذكر"), (90, 2, "Male"), (90, 3, "Male"),
    (91, 1, "أنثى"), (91, 2, "Femelle"), (91, 3, "Female"),
    (92, 1, "النقطة المعتمدة: "), (92, 2, "Note utilisée: "), (92, 3, "Used mark: "),
    (93, 1, "إدراج صورة في بيانات النتائج:"), (93, 2, "Insérer une image dans les bulletins:"), (93, 3, "Insert image in bulletins:"),
    (94, 1, "مسار الصورة..."), (94, 2, "Chemin de l'image..."), (94, 3, "Image path..."),
    (95, 1, "حدد صورة:"), (95, 2, "Sélectionner une image:"), (95, 3, "Choose an image:"),
    (96, 1, "موضع الصورة:"), (96, 2, "Position de l'image:"), (96, 3, "Image position"),
    (97, 1, "س:"), (97, 2, "x:"), (97, 3, "x:"),
    (98, 1, "ص:"), (98, 2, "y:"), (98, 3, "y:"),
    (99, 1, "مشهد:"), (99, 2, "Aperçu:"), (99, 3, "Preview:"),
    (100, 1, "صور"), (100, 2, "Images"), (100, 3, "Images"),
    (101, 1, "أبعاد الصورة:"), (101, 2, "Dimensions de l'image:"), (101, 3, "Image dimensions:"),
    (102, 1, "طول:"), (102, 2, "Longueur:"), (102, 3, "Height:"),
    (103, 1, "عرض:"), (103, 2, "Largeur:"), (103, 3, "Width:"),
    (104, 1, "صفحات مكررة متوالية"), (104, 2, "Pages dupliquées assemblées"), (104, 3, "Assembled duplicates"),
    (105, 1, "صفحات مكررة غير متوالية"), (105, 2, "Pages dupliquées désassemblées"), (105, 3, "Unassembled duplicates"),
    (106, 1, "عدم تكرار الصفحات"), (106, 2, "Ne pas dupliquer les pages"), (106, 3, "No duplicates"),
    (107, 1, "ترتيب الصفحات تبعا لقاعدة البيانات"), (107, 2, "Trier les bulletins"), (107, 3, "Sort bulletins pages"),
    (108, 1, "تفاصيل:"), (108, 2, "Détails:"), (108, 3, "Details:"),
    (109, 1, "تحديد قاعدة بيانات أخرى"), (109, 2, "Sélectionner une autre base"), (109, 3, "Choose another database"),
    (110, 1, "تلميذ واحد"), (110, 2, "Un élève"), (110, 3, "One student"),
    (111, 1, "تلميذان"), (111, 2, "2 élèves"), (111, 3, "2 students"),
    (112, 1, "تلاميذ"), (112, 2, "élèves"), (112, 3, "students"),
    (113, 1, "تلميذ"), (113, 2, "élèves"), (113, 3, "students"),
    (114, 1, "لا أحد"), (114, 2, "Personne"), (114, 3, "No one"),
    (115, 1, "حجم الخط:"), (115, 2, "Taille de police:"), (115, 3, "Font size:"),
    (116, 1, ""), (116, 2, ""), (116, 3, ""),
    (117, 1, ""), (117, 2, ""), (117, 3, ""),
    (118, 1, ""), (118, 2, ""), (118, 3, ""),
    (119, 1, ""), (119, 2, ""), (119, 3, ""),
    (120, 1, ""), (120, 2, ""), (120, 3, ""),
    (121, 1, ""), (121, 2, ""), (121, 3, ""),
    (122, 1, ""), (122, 2, ""), (122, 3, ""),
    (123, 1, ""), (123, 2, ""), (123, 3, ""),
    (124, 1, ""), (124, 2, ""), (124, 3, "")
;

COMMIT;